UnityProject/Environments_Merge/Assets/Art/Desk/Back/Back.mat
UnityProject/Environments_Merge/Assets/Art/Desk/Back/desk_chair007_smooth_chairBack_BaseColor.tga
UnityProject/Environments_Merge/Assets/Art/Desk/Back/desk_chair007_smooth_chairBack_Normal.tga
UnityProject/Environments_Merge/Assets/Art/Desk/Back/desk_chair007_smooth_chairBack_OcclusionRoughnessMetallic.tga
UnityProject/Environments_Merge/Assets/Art/Desk/Base/Base.mat
UnityProject/Environments_Merge/Assets/Art/Desk/Base/desk_chair007_smooth_chairBase_BaseColor.tga
UnityProject/Environments_Merge/Assets/Art/Desk/Base/desk_chair007_smooth_chairBase_Normal.tga
UnityProject/Environments_Merge/Assets/Art/Desk/Base/desk_chair007_smooth_chairBase_OcclusionRoughnessMetallic.tga
UnityProject/Environments_Merge/Assets/Art/Desk/Cushion/Cushion.mat
UnityProject/Environments_Merge/Assets/Art/Desk/Cushion/desk_chair007_smooth_cushions_BaseColor.tga
UnityProject/Environments_Merge/Assets/Art/Desk/Cushion/desk_chair007_smooth_cushions_Normal.tga
UnityProject/Environments_Merge/Assets/Art/Desk/Cushion/desk_chair007_smooth_cushions_OcclusionRoughnessMetallic.tga
UnityProject/Environments_Merge/Assets/Art/Desk/Desk/Desk.mat
UnityProject/Environments_Merge/Assets/Art/Desk/Desk/desk_chair007_smooth_chairDesk_BaseColor.tga
UnityProject/Environments_Merge/Assets/Art/Desk/Desk/desk_chair007_smooth_chairDesk_Normal.tga
UnityProject/Environments_Merge/Assets/Art/Desk/Desk/desk_chair007_smooth_chairDesk_OcclusionRoughnessMetallic.tga
UnityProject/Environments_Merge/Assets/Art/Desk/Desk/desk_chair_lowPoly (1).obj
UnityProject/Environments_Merge/Assets/Art/Desk/Wheels/Wheels.mat
UnityProject/Environments_Merge/Assets/Art/Desk/Wheels/desk_chair007_smooth_chairWheels_BaseColor.tga
UnityProject/Environments_Merge/Assets/Art/Desk/Wheels/desk_chair007_smooth_chairWheels_Normal.tga
UnityProject/Environments_Merge/Assets/Art/Desk/Wheels/desk_chair007_smooth_chairWheels_OcclusionRoughnessMetallic.tga
UnityProject/Environments_Merge/Assets/Art/Floor/Floor.mat
UnityProject/Environments_Merge/Assets/Art/Floor/environment_floor.obj
UnityProject/Environments_Merge/Assets/Art/Floor/environment_floor_initialShadingGroup_Albedo.png
UnityProject/Environments_Merge/Assets/Art/Floor/environment_floor_initialShadingGroup_Height.png
UnityProject/Environments_Merge/Assets/Art/Floor/environment_floor_initialShadingGroup_Metallic.png
UnityProject/Environments_Merge/Assets/Art/Floor/environment_floor_initialShadingGroup_Normal.png
UnityProject/Environments_Merge/Assets/Art/Frame/Frame.mat
UnityProject/Environments_Merge/Assets/Art/Frame/environment_frame (1).obj
UnityProject/Environments_Merge/Assets/Art/Light/1.obj
UnityProject/Environments_Merge/Assets/Art/Light/Light.mat
UnityProject/Environments_Merge/Assets/Art/Light/Lightbulb.mat
UnityProject/Environments_Merge/Assets/Art/Light/polySurface34Mat.mat
UnityProject/Environments_Merge/Assets/Art/Plant/Blatt.mat
UnityProject/Environments_Merge/Assets/Art/Plant/CornerPlantText/Bark.mat
UnityProject/Environments_Merge/Assets/Art/Plant/CornerPlantText/Concrete.jpg
UnityProject/Environments_Merge/Assets/Art/Plant/CornerPlantText/DracenaMarginataLEaf_red 1.jpg
UnityProject/Environments_Merge/Assets/Art/Plant/CornerPlantText/DracenaMarginataLEaf_red.jpg
UnityProject/Environments_Merge/Assets/Art/Plant/CornerPlantText/DracenaMarginataLEaf_red_B 1.jpg
UnityProject/Environments_Merge/Assets/Art/Plant/CornerPlantText/DracenaMarginataLEaf_red_B.jpg
UnityProject/Environments_Merge/Assets/Art/Plant/CornerPlantText/DracenaMarginataLeaf_red2.jpg
UnityProject/Environments_Merge/Assets/Art/Plant/CornerPlantText/Leaf.mat
UnityProject/Environments_Merge/Assets/Art/Plant/CornerPlantText/MUG.jpg
UnityProject/Environments_Merge/Assets/Art/Plant/CornerPlantText/Mud.mat
UnityProject/Environments_Merge/Assets/Art/Plant/CornerPlantText/Pebble.mat
UnityProject/Environments_Merge/Assets/Art/Plant/CornerPlantText/Pot.mat
UnityProject/Environments_Merge/Assets/Art/Plant/CornerPlantText/concreteWhite.jpg
UnityProject/Environments_Merge/Assets/Art/Plant/CornerPlantText/dracenaMarginata_bark1.jpg
UnityProject/Environments_Merge/Assets/Art/Plant/CornerPlantText/dracenaMarginata_bark2.jpg
UnityProject/Environments_Merge/Assets/Art/Plant/CornerPlantText/dracenaMarginata_bark3.jpg
UnityProject/Environments_Merge/Assets/Art/Plant/CornerPlantText/pebbleTex.jpg
UnityProject/Environments_Merge/Assets/Art/Plant/CornerPlantText/pebbleTex_bl.jpg
UnityProject/Environments_Merge/Assets/Art/Plant/CornerPlantText/uploads_files_596873_dracenaMarginata (2)_Material__50_AO.png
UnityProject/Environments_Merge/Assets/Art/Plant/CornerPlantText/uploads_files_596873_dracenaMarginata (2)_dracenaMarginataLeaf_AO 1.png
UnityProject/Environments_Merge/Assets/Art/Plant/CornerPlantText/uploads_files_596873_dracenaMarginata (2)_dracenaMarginataLeaf_AO.png
UnityProject/Environments_Merge/Assets/Art/Plant/CornerPlantText/uploads_files_596873_dracenaMarginata (2)_pebbles_AO.png
UnityProject/Environments_Merge/Assets/Art/Plant/Dieffenbachia_Plants.obj
UnityProject/Environments_Merge/Assets/Art/Plant/Leaves.jpg
UnityProject/Environments_Merge/Assets/Art/Plant/Leaves2.mat
UnityProject/Environments_Merge/Assets/Art/Plant/Leaves_b.jpg
UnityProject/Environments_Merge/Assets/Art/Plant/Materials/trunk.mat
UnityProject/Environments_Merge/Assets/Art/Plant/MugMat.mat
UnityProject/Environments_Merge/Assets/Art/Plant/Pot.mat
UnityProject/Environments_Merge/Assets/Art/Plant/fingerpalme 1.fbm/014_ground.jpg
UnityProject/Environments_Merge/Assets/Art/Plant/fingerpalme 1.fbm/CLEAN LIMESTONE.jpg
UnityProject/Environments_Merge/Assets/Art/Plant/fingerpalme 1.fbm/Materials/archmodels58_001_leaf_diffuse1.mat
UnityProject/Environments_Merge/Assets/Art/Plant/fingerpalme 1.fbm/archmodels58_001_leaf_diffuse1.jpg
UnityProject/Environments_Merge/Assets/Art/Plant/fingerpalme 1.fbm/concrete_24.jpg
UnityProject/Environments_Merge/Assets/Art/Plant/fingerpalme 1.fbm/leaffingerpalm.mat
UnityProject/Environments_Merge/Assets/Art/Plant/fingerpalme 1.fbx
UnityProject/Environments_Merge/Assets/Art/Plant/fingerpalme.fbm/014_ground.jpg
UnityProject/Environments_Merge/Assets/Art/Plant/fingerpalme.fbm/CLEAN LIMESTONE.jpg
UnityProject/Environments_Merge/Assets/Art/Plant/fingerpalme.fbm/archmodels58_001_leaf_diffuse1.jpg
UnityProject/Environments_Merge/Assets/Art/Plant/fingerpalme.fbm/concrete_24.jpg
UnityProject/Environments_Merge/Assets/Art/Plant/fingerpalme.fbx
UnityProject/Environments_Merge/Assets/Art/Plant/fingerpalme_Blatt_AO 1.png
UnityProject/Environments_Merge/Assets/Art/Plant/fingerpalme_Blatt_AO.png
UnityProject/Environments_Merge/Assets/Art/Plant/leaves.mat
UnityProject/Environments_Merge/Assets/Art/Plant/trunk.jpg
UnityProject/Environments_Merge/Assets/Art/Plant/uploads_files_1958953_plant1 (2).obj
UnityProject/Environments_Merge/Assets/Art/Plant/uploads_files_1958953_plant1 (2)_01___Default_AO 1.png
UnityProject/Environments_Merge/Assets/Art/Plant/uploads_files_1958953_plant1 (2)_01___Default_AO.png
UnityProject/Environments_Merge/Assets/Art/Plant/uploads_files_596873_dracenaMarginata.obj
UnityProject/Environments_Merge/Assets/Art/Planter/planter.mat
UnityProject/Environments_Merge/Assets/Art/Planter/planter.obj
UnityProject/Environments_Merge/Assets/Art/Planter/planter_initialShadingGroup_Albedo.png
UnityProject/Environments_Merge/Assets/Art/Planter/planter_initialShadingGroup_Height.png
UnityProject/Environments_Merge/Assets/Art/Planter/planter_initialShadingGroup_Metallic.png
UnityProject/Environments_Merge/Assets/Art/Planter/planter_initialShadingGroup_Normal.png
UnityProject/Environments_Merge/Assets/Art/Podium/Cherry/Cherry.mat
UnityProject/Environments_Merge/Assets/Art/Podium/Cherry/podium001_cherry_235_SG1_AO.png
UnityProject/Environments_Merge/Assets/Art/Podium/Cherry/podium001_cherry_235_SG1_Albedo.png
UnityProject/Environments_Merge/Assets/Art/Podium/Cherry/podium001_cherry_235_SG1_Height.png
UnityProject/Environments_Merge/Assets/Art/Podium/Cherry/podium001_cherry_235_SG1_Metallic.png
UnityProject/Environments_Merge/Assets/Art/Podium/Cherry/podium001_cherry_235_SG1_Normal.png
UnityProject/Environments_Merge/Assets/Art/Podium/ISG/ISF.mat
UnityProject/Environments_Merge/Assets/Art/Podium/ISG/Materials/podium001_initialShadingGroup_Metallic.mat
UnityProject/Environments_Merge/Assets/Art/Podium/ISG/podium001_initialShadingGroup_AO.png
UnityProject/Environments_Merge/Assets/Art/Podium/ISG/podium001_initialShadingGroup_Albedo.png
UnityProject/Environments_Merge/Assets/Art/Podium/ISG/podium001_initialShadingGroup_Height.png
UnityProject/Environments_Merge/Assets/Art/Podium/ISG/podium001_initialShadingGroup_Metallic.png
UnityProject/Environments_Merge/Assets/Art/Podium/ISG/podium001_initialShadingGroup_Normal.png
UnityProject/Environments_Merge/Assets/Art/Podium/Middle/Middle.mat
UnityProject/Environments_Merge/Assets/Art/Podium/Middle/podium001_Middle_&_Top_AO.png
UnityProject/Environments_Merge/Assets/Art/Podium/Middle/podium001_Middle_&_Top_Albedo.png
UnityProject/Environments_Merge/Assets/Art/Podium/Middle/podium001_Middle_&_Top_Height.png
UnityProject/Environments_Merge/Assets/Art/Podium/Middle/podium001_Middle_&_Top_Metallic.png
UnityProject/Environments_Merge/Assets/Art/Podium/Middle/podium001_Middle_&_Top_Normal.png
UnityProject/Environments_Merge/Assets/Art/Podium/Titanium/Titanium.mat
UnityProject/Environments_Merge/Assets/Art/Podium/Titanium/podium001_Titanium_SG_AO.png
UnityProject/Environments_Merge/Assets/Art/Podium/Titanium/podium001_Titanium_SG_Albedo.png
UnityProject/Environments_Merge/Assets/Art/Podium/Titanium/podium001_Titanium_SG_Height.png
UnityProject/Environments_Merge/Assets/Art/Podium/Titanium/podium001_Titanium_SG_Metallic.png
UnityProject/Environments_Merge/Assets/Art/Podium/Titanium/podium001_Titanium_SG_Normal.png
UnityProject/Environments_Merge/Assets/Art/Podium/WhiteAcrylic/WhiteAcrylic.mat
UnityProject/Environments_Merge/Assets/Art/Podium/WhiteAcrylic/podium001_white_acrylic_SG_AO.png
UnityProject/Environments_Merge/Assets/Art/Podium/WhiteAcrylic/podium001_white_acrylic_SG_Albedo.png
UnityProject/Environments_Merge/Assets/Art/Podium/WhiteAcrylic/podium001_white_acrylic_SG_Height.png
UnityProject/Environments_Merge/Assets/Art/Podium/WhiteAcrylic/podium001_white_acrylic_SG_Metallic.png
UnityProject/Environments_Merge/Assets/Art/Podium/WhiteAcrylic/podium001_white_acrylic_SG_Normal.png
UnityProject/Environments_Merge/Assets/Art/Podium/podium001 (1).obj
UnityProject/Environments_Merge/Assets/Art/Podium/podium002 (2).obj
UnityProject/Environments_Merge/Assets/Art/Podium/podiumSEPERATED.obj
UnityProject/Environments_Merge/Assets/Art/Slant/Slant.mat
UnityProject/Environments_Merge/Assets/Art/Slant/slantnew.obj
UnityProject/Environments_Merge/Assets/Art/Slant/slantnew_initialShadingGroup_AO.png
UnityProject/Environments_Merge/Assets/Art/Slant/slantnew_initialShadingGroup_Albedo.png
UnityProject/Environments_Merge/Assets/Art/Slant/slantnew_initialShadingGroup_Height.png
UnityProject/Environments_Merge/Assets/Art/Slant/slantnew_initialShadingGroup_Metallic.png
UnityProject/Environments_Merge/Assets/Art/Slant/slantnew_initialShadingGroup_Normal.png
UnityProject/Environments_Merge/Assets/Art/Stage/Stage.mat
UnityProject/Environments_Merge/Assets/Art/Stage/woodenstagetexture.obj
UnityProject/Environments_Merge/Assets/Art/Stage/woodenstagetexture_initialShadingGroup_Albedo.png
UnityProject/Environments_Merge/Assets/Art/Stage/woodenstagetexture_initialShadingGroup_Height.png
UnityProject/Environments_Merge/Assets/Art/Stage/woodenstagetexture_initialShadingGroup_Metallic.png
UnityProject/Environments_Merge/Assets/Art/Stage/woodenstagetexture_initialShadingGroup_Normal.png
UnityProject/Environments_Merge/Assets/Art/Wall/Wall.mat
UnityProject/Environments_Merge/Assets/Art/Wall/environment_wall.obj
UnityProject/Environments_Merge/Assets/Art/Wall/environment_wall_initialShadingGroup_Albedo.png
UnityProject/Environments_Merge/Assets/Art/Wall/environment_wall_initialShadingGroup_Height.png
UnityProject/Environments_Merge/Assets/Art/Wall/environment_wall_initialShadingGroup_Metallic.png
UnityProject/Environments_Merge/Assets/Art/Wall/environment_wall_initialShadingGroup_Normal.png
UnityProject/Environments_Merge/Assets/Art/ceiling.meta
